2009-10-29,Beyond1031
2012-01-04,HAUNTED HOUSE WALK THROUGH VIDEOS
2012-01-31,HOW-TO'S
2012-01-31,MOVIE REVIEWS
2012-04-16,FUN STUFF!
2012-10-29,Hellmouth Vlog 10.28.12 [Day 728] - Behind The Scares of KUBE Georgetown Morgue!!
2012-10-30,Hellmouth Vlog 10.29.12 [Day 729] - Fright Factory Haunted House!!!
2012-11-01,Hellmouth Vlog 10.31.12 [Day 731] - Epic Haunted House LAST DAY!!!
2012-11-02,Hellmouth Vlog 11.01.12 [Day 732] - Unclog Your Fog Machine!!! (How-To Vlog)
2012-11-12,Hellmouth Vlog 11.11.12 [Day 742] - Actor Gets Hit By Dumbass!!
2013-01-07,INTERVIEWS
2013-01-28,2012 Haunted House Walk-Through (Hellmouth V - It Begins)
2013-02-09,2012 Haunted House Drop Panel Hallway Scare Video (Hellmouth 5)
2013-02-23,2012 Drop Panel Scare Video DELETED SCENES!!!
2013-03-17,2012 Flash Cracker Scare Video
2013-05-26,Lew Temple Interview - &quot;Axel&quot; on AMC&#39;s The Walking Dead
2013-05-28,Diane Franklin Interview - Amityville II; Better Off Dead; Bill And Teds Excellent Adventure
2013-06-28,2012 Home Haunter Video Awards
2013-07-10,Hellmouth Vlog 07.09.13 [981-982] - How To Make A Redneck Swimming Pool!!
2013-08-31,Hellmouth Vlog 08.30.13 [Day 1034] - Basement Build!!!
2013-10-07,Hellmouth Vlog 10.06.13 [Day 1071] - Pallet Maze Done!!!
2013-10-26,Hellmouth Haunted House 2013 Live Feed Day 1 of 4 (Drop Panels)
2013-10-26,Hellmouth Vlog 10.25.13 [Day 1090] - Opening Day Scare Walkthrough!!!
2013-10-27,Hellmouth Haunted House 2013 Live Feed Day 2 of 4 (Broken Dolls)
2013-10-27,Hellmouth Vlog 10.26.13 [Day 1091] - Making People Pee!!!
2013-10-31,Hellmouth Haunted House Live Feed Day 3 of 4 (Kitchen)
2013-10-31,Hellmouth Vlog 10.30.13 [Day 1095] - Haunt Day 3!!!
2013-11-01,Hellmouth Haunted House Live Feed (Day 4 of 4)
2013-11-05,2013 Drop Panel Video Sneak Peak!!
2013-12-02,The Vlogging Dead
2013-12-15,Phoenix&#39;s 1st Birthday Tribute Montage! [2013]
2014-01-06,Haunted House Guest Pranks Friend!
2014-01-07,2013 Haunted House Drop Panel Hallway Scare Video (Hellmouth 6)
2014-01-18,Devil&#39;s Due Movie Review!
2014-01-18,Hellmouth Vlog 01.17.14 [Day 1174] - Watching Devil&#39;s Due!!
2014-01-27,2013 Drop Panel Scare Video DARK
2014-01-28,2013 Drop Panel Scare Video DARK (Cutting Room Floor)
2014-02-16,2013 Hellmouth Haunted House Walk-Through
2014-03-03,The Vlogging Dead - S4 E12 - 03.02.14 - Do Daryl And Beth Hook Up?!?
2014-03-09,Sneak Peek!  Scarecrow Corn Maze Scare Video!!
2014-03-22,2013 Corn Maze Scarecrow Scare Video!
2014-03-29,2013 Pallet Maze Scare Video!
2014-04-02,Tutorial:  Making Water Glow
2014-04-09,2013 Haunted Mirror Victim Reactions!
2014-05-17,Hellmouth Vlog 05.16.14 [Day 1293] - Milburns Haunted Manor Tour!!! WCHC Day 2
2014-07-06,Firework:  Black Cats&#39; &quot;Haunted House&quot;
2014-08-18,Hellmouth Vlog 08.17.14 [Day 1386] - Halloween Yard Sale Finds!!!
2014-09-04,Hellmouth Vlog 09.03.14 [Day 1403] - BUILD DAY ONE!!!!!!!
2014-09-06,Hellmouth Vlog 09.05.14 [Day 1405] - Bird Cage!! (Build Day 3)
2014-09-07,Halloween Music Mix
2014-09-07,Hellmouth Vlog 09.06.14 [Day 1406] - Panel Talk!! (Build Day 4)
2014-09-08,Hellmouth Vlog 09.07.14 [Day 1407]- Sparking Fence Construction!! (Build Day 5)
2014-09-09,Hellmouth Vlog 09.08.14 [Day 1408] - The Fair and Munsters Mansion!!!
2014-09-11,Hellmouth Vlog 09.10.14 [Day 1410] - Spirit Halloween Superstore Vlog!!
2014-09-12,Hellmouth Vlog 09.11.14 [Day 1411] - Walgreens Halloween Stuff!!
2014-09-13,NEW: Interview with Naomi Grossman  AKA  &quot;Pepper&quot; of American Horror Story!!
2014-09-14,Hellmouth Vlog 09.13.14 [Day 1413] - Lowes Halloween Merch!!
2014-09-15,Hellmouth Vlog 09.14.14 [Day 1414] - Facade!!! (Build Day 6)
2014-09-20,Hellmouth Vlog 09.19.14 [Day 1419] - Baby Reacts To Halloween Props!!!
2014-09-30,Hellmouth Vlog 09.29.14 [Day 1429] - (Build Day 13) - Krispy Kreme Ghostbusters Donut!!!
2014-10-01,Hellmouth Vlog 09.30.14 [Day 1430] - Frost Paint and Dollar Tree!!!
2014-10-03,Hellmouth Vlog 10.02.14 [Day 1432] - Troy Whacks Himself!!
2014-10-25,Hellmouth Vlog 10.24.14 [Day 1454] - Opening Day!!!
2014-10-26,Hellmouth Vlog 10.25.14 [Day 1455] - Butcher Cam!!!
2014-10-27,The Vlogging Dead - S5 E3 - 10.26.14 - Is Beth The Cure??
2014-10-30,Hellmouth Vlog 10.29.14 [Day 1459] - Giant PacMan Eats Baby!!
2014-11-01,Hellmouth Vlog 10.31.14 [Day 1461] - LAST DAY HALLOWEEN 2014 !!!!
2014-11-02,Hellmouth Vlog 11.01.14 [Day 1462] - Three Year Anniversary!!
2014-11-21,Hellmouth Vlog 11.20.14 [Day 1481] - Walgreens Christmas Aisle Fun!!
2014-11-30,2014 Chainsaw Butcher Haunted House Scare Cam Prank!!!
2014-12-10,Hellmouth Vlog 12.09.14 [Day 1500] - Saying Goodbye...
2014-12-11,Hellmouth Vlog 12.10.14 [Day 1501] - Naked Barbies!!
2014-12-12,Hellmouth Christmas Mix
2014-12-21,Phoenix&#39;s 2nd Birthday Tribute Montage!! [2014]
2014-12-22,Cool Birthday Candle Effect!!
2014-12-31,Hellmouth Vlog 12.30.14 [Day 1521] - Baby Likes Big Spiders!!
2015-01-19,2014 Lights On Haunted House Walkthrough!!!
2015-01-25,Hellmouth Vlog 01.24.15 [Day 1546] - We Need To Talk
2015-02-06,Hellmouth Vlog 02.05.15 [Day 1558] - I Grabbed It!
2015-02-07,Mail Vlogs!!
2015-02-14,EPIC 10,000 Subscriber Contest Giveaway!!! [CLOSED]
2015-03-04,2014 Interactive Haunted House Walkthrough!!
2015-03-30,Walking Dead Season 5 Finale Reaction!!
2015-04-10,Vlog 04.09.15 [Day 1621] - Bubble Wrap Prank Idea!!
2015-04-22,Vlog 04.21.15 [Day 1633] - More Bad News!
2015-05-03,Vlog 05.02.15 [Day 1644] - Yard Sale Finds!!
2015-05-07,Vlog 05.06.15 [Day 1648] - Robot Woman!
2015-05-16,Vlog 05.15.15 [Day 1657] - WCHC 2015 - Nightmare Factory &amp; Haunt Legal Class!
2015-05-17,Vlog 05.16.15 [Day 1658] - WCHC 2015 - Body Art Competition!
2015-05-24,Vlog 05.23.15 [Day 1665] - Crypticon Seattle 2015!!!
2015-05-25,Memorial Day Tribute 2015
2015-06-17,Vlog 06.16.15 [Day 1689] - Not Enough Hours In The Day!!
2015-06-18,Vlog 06.17.15 [Day 1690] - Guess Who&#39;s Dating?!?
2015-07-10,The Gallows Movie Review!!!
2015-07-17,Vlog 07.16.15 [Day 1719] - Pierce County Asylum Sneak Peak 2015!!!
2015-07-25,Vlog 07.24.15 [Day 1727] - Baby Drinks Hot Sauce!!
2015-07-26,Vlog 07.25.15 [Day 1728] - Michaels Lemax Spooky Town &amp; Train Runs Over Camera!!
2015-08-02,Vlog 08.01.15 [Day 1735] - Spooky Town Unboxing The Gate House!!!
2015-08-03,Vlog 08.02.15 [Day 1736] - Vampire Flies!!!
2015-08-04,Vlog 08.03.15 [Day 1737] - Guess The Date Significance!!
2015-08-06,Vlog 08.05.15 [Day 1739] - Spooky Town Unplasticing!!
2015-08-10,Vlog 08.09.15 [Day 1743] - LeMax Spooky Town Cave Sweet Cave Unboxing!!
2015-08-13,Vlog 08.12.15 [Day 1746] - Vampire Fries and Mariners 5th No Hitter!!
2015-08-16,Vlog 08.15.15 [Day 1749] - Carving Tips! Grampa Bardeen Family Carving!!!
2015-08-18,Vlog 08.17.15 [Day 1751] - Halloween City Begins!!!
2015-08-24,Vlog 08.23.15 [Day 1757] - Lowes Halloween Stuff!!
2015-08-25,Vlog 08.24.15 [Day 1758] - Goodwill Haunty-ness!!!
2015-08-28,Vlog 08.27.15 [Day 1761] - Haunt Decor!!!
2015-08-30,Vlog 08.29.15 [Day 1763] - Storm Causes Damage!!
2015-09-02,Vlog 09.01.15 [Day 1766] - New Technology!!!
2015-09-04,Vlog 09.03.15 [Day 1768] - We Need To Talk... Again...
2015-09-05,Vlog 09.04.15 [Day 1769] - Freezing Experiment!!
2015-09-06,Vlog 09.05.15 [Day 1770] - Haunters Unite!!
2015-09-07,Vlog 09.06.15 [Day 1771] - New House!!
2015-09-07,Pallet Wall Tutorial - Making Walls Using Pallets!!!
2015-09-08,Vlog 09.07.15 [Day 1772] - Spirit Halloween Vlog!!!
2015-09-09,Vlog 09.08.15 [Day 1773] - Home Depot Halloween Merch!!
2015-09-10,Vlog 09.09.15 [Day 1774] - It Was A Good Day!!
2015-09-11,Vlog 09.10.15 [Day 1775] - We Got A Racecar!!!
2015-09-12,Vlog 09.11.15 [Day 1776] - Simply Fog Juice UNBOXING REVIEW!!!
2015-09-13,Vlog 09.12.15 [Day 1777] - A Haunt In Progress!!
2015-09-14,Vlog 09.13.15 [Day 1778] - Halloween Books at Barnes And Noble!!!
2015-09-16,Vlog 09.15.15 [Day 1780] - It&#39;s Almost Like Hallomas!!
2015-09-17,Vlog 09.16.15 [Day 1781] - Halloween City Vlog!!!
2015-09-23,Vlog 09.22.15 [Day 1787] - Halloween Stuff At Target!!
2015-09-25,Vlog 09.24.15 [Day 1789] - The Scary Car Of The Day Returns!!
2015-09-26,Vlog 09.25.15 [Day 1790] - Georgetown Morgue Haunted House!!!
2015-09-30,Vlog 09.29.15 [Day 1794] - Getting Used To Each Other!!!
2015-10-01,Vlog 09.30.15 [Day 1795] - Halloween Whopper from Burger King!!
2015-10-03,Vlog 10.02.15 [Day 1797] - Eating Dog Treats!!
2015-10-05,Vlog 10.04.15 [Day 1799] - Fright Factory Haunted House!!
2015-10-06,Vlog 10.05.15 [Day 1800] - Spiders In My Face Mail Vlog!!!
2015-10-08,Vlog 10.07.15 [Day 1802] - Finishing The Tree!!
2015-10-09,Vlog 10.08.15 [Day 1803] - My Girlfriend!!!
2015-10-10,Vlog 10.09.15 [Day 1804] - Hush!!
2015-10-12,Vlog 10.11.15 [Day 1806] - Fright Fest Haunted Houses at Wild Waves!!
2015-10-13,Vlog 10.12.15 [Day 1807] - Boarding Up The Windows!!
2015-10-15,Vlog 10.14.15 [Day 1809] - Buffy Takes Her Own Selfie...
2015-10-18,Vlog 10.17.15 [Day 1812] - My Morbid Mind Haunted House!!!
2015-10-19,Vlog 10.18.15 [Day 1813] - Zombie Window Video Effect!!
2015-10-23,Vlog 10.22.15 [Day 1817] - Castle Fire?!?!?
2015-10-24,Vlog 10.23.15 [Day 1818] - Brads Boo Barn Haunted House!!
2015-10-28,Vlog 10.27.15 [Day 1822] - Haunted Tents Haunted House!!!
2015-10-31,Pumpkin Carving 101 - Tips!! Tricks!! How-To!!
2015-10-31,Vlog 10.30.15 [Day 1825] - Next Years Haunt Ideas!!!
2015-11-11,Vlog 11.10.15 [Day 1836] - Skeleton In My Closet!!!
2015-11-30,Vlog 11.29.15 [Day 1855] - Putting Up And Repairing Lights!!
2015-12-02,LED Christmas Light String Repair!!
2015-12-02,Vlog 12.01.15 [Day 1857] - Movember Shaving!!!
2015-12-12,We Were On The News!!! [Day 1867 - 12.11.15]
2015-12-16,Hangin&#39; With Steve!! [Day 1871 - 12.15.15]
2015-12-19,Krampus Christmas Movie Review!!
2015-12-21,Epic Neighborhood Christmas Lights!! [Day 1876] - 12.20.15]
2015-12-23,Santa&#39;s Halloween Interview!!
2015-12-25,Santa Caught On Video!!!
2016-01-05,Our Schools On Fire!!! [Day 1891 - 01.04.16]
2016-01-06,Inside The Demolotion Zone!!! [Day 1892 - 01.05.16]
2016-01-08,THE FOREST Movie Review!!!
2016-01-15,Spooky Lakewood History!! [Day 1901 - 01.14.16]
2016-01-17,Monster Trucks!! [Day 1903 - 01.16.16]
2016-01-21,It&#39;s A Hearse!! [Day 1907 - 01.20.16]
2016-01-23,The Boy Movie Review!!
2016-01-28,6 Million Views!!! [Day 1914 - 01.27.16]
2016-01-30,Pro Haunt Dream Still Alive!! [Day 1916 - 01.29.16]
2016-02-08,Bean Boozled Challenge ft. Parajeda!!
2016-02-14,Dog Reacts To Bean Boozled!!! [Day 1931 - 02.13.16]
2016-02-16,Why Halloween Is Awesome!! [Day 1933 - 02.15.16]
2016-02-19,The Witch Movie Review!!!
2016-03-06,Big Boy Toys!! [Day 1952 - 03.05.16]
2016-03-10,Shop Vac Unboxing!!! [Day 1956 - 03.09.16]
2016-03-15,Damp, Wet, Soaked!! [Day 1961 - 03.14.16]
2016-03-27,A Little One on One [Day 1973 - 03.26.16]
2016-04-01,The Big Reveal!!!   [Day 1978 - 03.31.16]
2016-04-04,The Big Move!! [Day 1981 - 04.03.16]
2016-04-10,The Last Update!! [Day 1987 - 04.09.16]
2016-04-29,Unofficial Convention Day One!! [Day 2006 -  04.28.16]
2016-04-30,(Day 1) West Coast Haunters Convention [Day 2007 - 04.29.16]
2016-05-01,(Day 2) West Coast Costume Ball!! [Day 2008 - 04.30.16]
2016-05-04,A Cool Announcement!! [Day 2011 - 05.03.16]
2016-05-05,I&#39;m Losing Everything!! [Day 2012 - 05.04.16]
2016-05-26,Ghostbusters Toys!! [Day 2033 - 05.25.16]
2016-05-29,Crypticon Seattle 2016!! [Day 2036 - 05.28.16]
2016-06-07,My Dating Life!! [Day 2045 - 06.06.16]
2016-06-10,The Conjuring 2: Movie Review
2016-06-29,Dog Plays In Sprinkler!! [Day 2067 - 06.28.16]
2016-07-11,Real Grave Robbery???!! [Day 2079 - 07.10.16]
2016-07-14,Michael&#39;s Halloween Merch!! [Day 2082 - 07.13.16]
2016-07-17,Haunt Lawsuit Fireside Chat!! [Day 2085 - 07.16.16]
2016-08-10,Things Are Looking Up!! [Day 2109 - 08.09.16]
2016-08-20,Aquarium Halloween Decor!! [Day 2119 - 08.19.16]
2016-08-22,Searching For A Dead Rat!! [Day 2121 - 08.21.16]
2016-08-24,Stores Stocking Halloween Merch!! [Day 2123 - 08.23.16]
2016-08-27,Vandalizing The Truck!! [Day 2126 - 08.26.16]
2016-09-02,Faux Ice Cube Tutorial!!
2016-09-04,Haunt Roof &amp; Lowes Halloween!! [Day 2134 - 09.03.16]
2016-09-05,The Roof Is Sexy and It Knows It!! [Day 2135 - 09.04.16]
2016-09-07,Home Depot Halloween 2016!!! [Day 2137 - 09.06.16]
2016-09-10,Creepy Old Barn On A Hill!! [Day 2140 - 09.09.16]
2016-09-15,Halloween Is Here!! [Day 2145 - 09.14.16]
2016-09-16,And Then This Happened... [Day 2146 - 09.15.16]
2016-09-21,Bustin&#39; Out Windows!!! [Day 2151 - 09.20.16]
2016-09-23,First Day of Trial!! [Day 2153 - 09.22.16]
2016-09-25,Motorcycle Crash!!! [Day 2155 - 09.24.16]
2016-09-27,Second Day of Trial!!! [Day 2157 - 09.26.16]
2016-09-28,3rd Day of Trial!! [Day 2158 - 09.27.16]
2016-09-29,Scary Peeper &amp; Knotts Shutdown Rant!!! [Day 2159 - 09.28.16]
2016-10-02,Setup Day One!! [Day 2162 - 10.01.16]
2016-10-03,Miller Manor Setup Day One!!! [Day 2163 - 10.02.16]
2016-10-04,More Progress &amp; Trial Day 4!!! [Day 2164 - 10.3.16]
2016-10-05,Trial Again, Day 5!! [Day 2165 - 10.04.16]
2016-10-06,Buffy&#39;s B-Day &amp; Last Day of Trial!! [Day 2166 - 10.05.16]
2016-10-08,Halloween Plans... Or not!! [Day 2168 - 10.07.16]
2016-10-11,Dollar Tree &amp; Walking!! [Day 2171 - 10.10.16]
2016-10-13,Star Wars Projector Death!! [Day 2173 - 10.12.16]
2016-10-16,Setup Day 2: Lighting!! [Day 2176 - 10.15.16]
2016-10-17,Halloween City &amp; Video Shoot!! [Day 2177 - 10.16.16]
2016-10-18,Does It Pumpkin Spice?!?
2016-10-19,The Rest Of The Drop Panel Scares - For Haunters!!! (2014/2016)
2016-10-20,The WORST SCARY CLOWN Haunted House Drop Panel Scare Video EVER!! (2014/2016)
2016-10-21,It Was A Good Day!! [Day 2181 - 10.20.16]
2016-10-22,A New Chapter!! [Day 2182 - 10.21.16]
2016-10-28,Getting Rid of Haunt Stuff!! (Mail Vlog) [Day 2188 - 10.27.16]
2016-10-30,Miller Manor 2016!!! [Day 2190 - 10.29.16]
2016-10-31,All Hallows Eve Eve!!! [Day 2191 - 10.30.16]
2016-11-01,HALLOWEEN 2016!!!!!!! [Day 2192 - 10.31.16]
2016-11-02,Retiring The Bronco!!! [Day 2193 - 11.01.16]
2016-11-03,I Finished A Project!!! [Day 2194 - 11.02.16]
2016-11-18,Car Problems Already?!?! [Day 2209 - 11.17.16]
2016-11-29,Christmas Light Setup Day 2!! [Day 2220 - 11.28.16]
2016-12-04,Fantasy Lights at Spanaway Park!!! [Day 2225 - 12.03.16]
2017-01-08,Beans On The Head!!! [Day 2260 - 01.07.17]
2017-01-10,Taking A Pie To The Face!! [RENTAL]
2017-01-17,2017 Haunt Announcement!!! [Day 2269 - 01.16.17]
2017-01-28,Haunt Props!!! [Day 2280 - 01.27.17]
2017-01-30,Train Graveyard!!! [Day 2282 - 01.29.17]
2017-02-11,Chuck E Cheese!!! [Day 2294 - 02.10.17]
2017-02-24,I Have A Confession... [Day 2307 - 02.23.17]
2017-03-06,Do NOT Watch If You&#39;re Squeamish!! [Day 2317 - 03.05.17]
2017-03-10,Hospital Trip 2!!  [Day 2321 - 03.09.17]
2017-05-13,Haunt Convention Day Two!!! [Day 2385 - 05.12.17]
2017-05-14,Haunt Convention Costume Contest Day Three! [Day 2386 - 05.13.17]
2017-05-30,Starting To Build!!! [Day 2402 - 05.29.17]
2017-06-04,Placing Panels!!! [Day 2407 - 06.03.17]
2017-06-05,BUILD DAY ONE!!! [Day 2408 - 06.04.17]
2017-06-25,BUILD DAY TWO!!! [Day 2428 - 06.24.17]
2017-06-29,Making Progress!!!! [Day 2432 - 06.28.17]
2017-07-09,A Canadian Guest!! [Day 2442 - 07.08.17]
2017-07-10,Wildlife Park!!! [Day 2443 - 07.09.17]
2017-07-11,Halloween In Stores!!! [Day 2444 - 07.10.17]
2017-07-23,Build Day 3!!! [Day 2456 - 07.22.17]
2017-08-05,Running Out Of Time!!! [Day 2469 - 08.04.17]
2017-08-06,2.5 Mile Tunnel Adventure!!! [Day 2470 - 08.05.17]
2017-08-07,Haunt Planning!!! [Day 2471 - 08.06.17]
2017-08-19,Canada, I Am In You!!! [Day 2483 - 08.18.17]
2017-08-20,Fright Fest BC Haunt Walkthrough!! [Day 2484 - 08.19.17]
2017-08-23,Michaels Halloween Merch 2017!!! [Day 2487 - 08.22.17]
2017-08-27,Prop Car Plans!! Fire!?! [Day 2491 - 08.26.17]
2017-08-29,Whats Up With The Haunt [Day 2493 - 08.28.17]
2017-09-01,Lowes Halloween 2017!!! [Day 2496 - 08.31.17]
2017-09-02,Taking My Punishment!!! [Day 2497 - 09.01.17]
2017-09-03,Lava Tube Cave Exploration!! [Day 2498 - 09.02.17]
2017-09-04,BUILD DAY 4!!!! [Day 2499 - 09.03.17]
2017-09-05,BUILD DAY 5!!!! [Day 2500 - 09.04.17]
2017-09-06,BUILD DAY 6!!! [Day 2501 - 09.05.17]
2017-09-10,Roof Supports!!! [Day 2505 - 09.09.17]
2017-09-11,Planning For The Wedding!!! [Day 2506 - 09.10.17]
2017-09-13,Trip Prep!!! [Day 2508 - 09.12.17]
2017-09-14,Fire!! ...and Getting Ready!! [Day 2509 - 09.13.17]
2017-09-15,Journey To Manitoba!!! [Day 2510 - 09.14.17]
2017-09-16,Wedding Setup!!! [Day 2511 - 09.15.17]
2017-09-17,Trucker Josh&#39;s Wedding Day!!! [Day 2512 - 09.16.17]
2017-09-18,The Last Night In Canada!!! [Day 2513 - 09.17.17]
2017-09-19,Didn&#39;t Want To Leave!! [Day 2514 - 09.18.17]
2017-09-20,Back To Canada!?!?! [Day 2515 - 09.19.17]
2017-09-21,Leaving Canada!!  ...again!! [Day 2516 - 09.20.17]
2017-09-22,Progress!! [Day 2517 - 09.21.17]
2017-09-23,Rolling In Mud!!! [Day 2518 - 09.22.17]
2017-09-24,A Day At The Fair!!! [Day 2519 - 09.23.17]
2017-09-25,NASCAR Sunday!!! [Day 2520 - 09.24.17]
2017-09-26,They Broke!!! [Day 2521 - 09.25.17]
2017-09-28,Racing The Train!!! [Day 2523 - 09.27.17]
2017-09-29,It&#39;s A Long Way Down!! [Day 2524 - 09.28.17]
2017-09-30,A Special Gift!!! [Day 2525 - 09.29.17]
2017-10-01,YouTube Haunt Meeting!!! [Day 2526 - 09.30.17]
2017-10-02,The Cemetery!!!! [Day 2527 - 10.01.17]
2017-10-04,Lighting The Graveyard!! [Day 2529 - 10.03.17]
2017-10-06,Old Pro Haunt Opportunity!!! [Day 2531 - 10.05.17]
2017-10-07,Balls!!! [Day 2532 - 10.06.17]
2017-10-08,Three Haunts, One Night!!  [Day 2533 - 10.07.17]
2017-10-09,Corn Maze!!! [Day 2534 - 10.08.17]
2017-10-10,Making An Attempt!!! [Day 2535 - 10.09.17]
2017-10-11,Canadian Yard Haunts!!! [Day 2536 - 10.10.17]
2017-10-12,Halloween City Costume!! [Day 2537 - 10.11.17]
2017-10-13,Troy Gets Wood!!! [Day 2538 - 10.12.17]
2017-10-14,Punishment Voting!!  [Day 2539 - 10.13.17]
2017-10-15,Build Day 7!!! [Day 2540 - 10.14.17]
2017-10-18,The Haunt Tree!! [Day 2543 - 10.17.17]
2017-10-19,Unboxing Lock, Shock &amp; Barrel!!! [Day 2544 - 10.18.17]
2017-10-20,Dance Party For One!!! [Day 2545 - 10.19.17]
2017-10-21,Oops!!! [Day 2546 - 10.20.17]
2017-10-22,Krispy Kreme Halloween!!! [Day 2547 - 10.21.17]
2017-10-23,Happy Birthday, Mom! [Day 2548 - 10.22.17]
2017-10-24,Epic Hellion Mail!!! [Day 2549 - 10.23.17]
2017-10-25,Number One Haunt!?!? [Day 2550 - 10.24.17]
2017-10-26,Zombie Window Super Secret Project Injury!!!! [Day 2551 - 10.25.17]
2017-10-27,Super Secret Project: Proposal!!! [Day 2552 - 10.26.17]
2017-10-29,Party In The Haunt!! [Day 2554 - 10.28.17]
2017-10-30,Sloth Day!!! [Day 2555 - 10.29.17]
2017-10-31,Black Cat Crossed My Path!! [Day 2556 - 10.30.17]
2017-11-01,My Little Skeleton!!! [Day 2557 - 10.31.17]
2017-11-02,Taking Down Halloween!! [Day 2558 - 11.01.17]
2017-11-02,The BEST Halloween Wedding Proposal EVER!!!
2017-11-03,Forgot Birthday AND Anniversary!! [Day 2559 - 11.02.17]
2017-11-05,Return Of The GoPro!!! [Day 2561 - 11.04.17]
2017-11-06,Snow Event!?!?! [Day 2562 - 11.05.17]
2017-11-07,Buffy Gas!!! [Day 2563 - 11.06.17]
2017-11-08,Everything Dies... [Day 2564 - 11.07.17]
2017-11-10,Ghost In The Tree!!! [Day 2566 - 11.09.17]
2017-11-12,Bone Collection!!! [Day 2568 - 11.11.17]
2017-11-13,Look Out For Bear!!! [Day 2569 - 11.12.17]
2017-11-14,A VERY Long Trip Home!! [Day 2570 - 11.13.17]
2017-11-15,Scaring Crows!! [Day 2571 - 11.14.17]
2017-11-16,Haunt Time Capsule!!! [Day 2572 - 11.15.17]
2017-11-19,Five Nights At Freddy&#39;s Birthday!?!? [Day 2575 - 11.18.17]
2017-11-20,Mini Twister!!! [Day 2576 - 11.19.17]
2017-11-21,Beginning Tear-down!!! [Day 2577 - 11.20.17]
2017-11-23,It&#39;s That Guy!! [Day 2579 - 11.22.17]
2017-11-24,Happy Thanksgiving!!! [Day 2580 - 11.23.17]
2017-11-25,An Awesome Find!!! ...almost... [Day 2581 - 11.24.17]
2017-11-26,Happy Thanksgiving!! ...AGAIN!!! [Day 2582 - 11.25.17]
2017-11-27,Selling The Haunt!!! [Day 2583 - 11.26.17]
2017-11-29,Moving More Haunt Stuff!!! [Day 2585 - 11.28.17]
2017-11-30,Almost Done!!! [Day 2586 - 11.29.17]
2017-12-01,Goodbye Unit 5042!!! [Day 2587 - 11.30.17]
2017-12-02,There&#39;s A Skelly Amongst Us!!! [Day 2588 - 12.01.17]
2017-12-03,Trees &amp; Lights!!! [Day 2589 - 12.02.17]
2017-12-05,The Bloody Refrigerator!!! [Day 2591 - 12.04.17]
2017-12-06,Scrapping Haunt Stuff!! [Day 2592 - 12.05.17]
2017-12-07,Fuzzy Boy Reacts!!! [Day 2593 - 12.06.17]
2017-12-08,Suspicious Trash!!! [Day 2594 - 12.07.17]
2017-12-10,Zoolights 2017!!! [Day 2596 - 12.09.17]
2017-12-11,Photoshoot!! [Day 2597 - 12.10.17]
2017-12-12,Christmas Carding!!! [Day 2598 - 12.11.17]
2017-12-17,Phoenix&#39;s 5th Birthday Partaaay!!! [Day 2603 - 12.16.17]
2017-12-20,Helping Train Crash Victims!!! [Day 2606 - 12.19.17]
2017-12-23,Computer Fund!!! [Day 2609 - 12.22.17]
2017-12-24,Last Minute Shopping DONE!!! [Day 2610 - 12.23.17]
2017-12-25,A White Christmas!!! [Day 2611 - 12.24.17]
2017-12-26,Christmas 2017!!! [Day 2612 - 12.25.17]
2017-12-27,Christmas Mail Vlog 2017!!! [Day 2613 - 12.26.17]
2017-12-28,Scary Snowman!!! [Day 2614 - 12.27.17]
2017-12-29,Crazy Snapchat Snaps!!! [Day 2615 - 12.28.17]
2018-01-01,New Years 2018!!! [Day 2618 - 12.31.17]
2018-01-02,A Full-On Sloth Day!!! [Day 2619 - 01.01.18]
2018-01-04,So Angry!!! [Day 2621 - 01.03.18]
2018-01-06,It&#39;s Still Christmas In Canada!!! [Day 2623 - 01.05.18]
2018-01-07,Fixing Stuff!!! [Day 2624 - 01.06.18]
2018-01-10,Destroying The Desk!!! [Day 2627 - 01.09.18]
2018-01-11,Army Cot Dog!!! [Day 2628 - 01.10.18]
2018-01-13,Another Super Secret Project!!! [Day 2630 - 01.12.18]
2018-01-14,Dog Reacts To Poprocks!!! [Day 2631 - 01.13.18]
2018-01-15,Monster Trucks!!! [Day 2632 - 01.14.18]
2018-01-16,Haunt Time Capsule!! [Day 2633 - 01.15.18]
2018-01-18,Play-Doh Jack-O-Lantern!! [Day 2635 - 01.17.18]
2018-01-19,New Cam!!! ...kinda... [Day 2636 - 01.18.18]
2018-01-20,It Happens In Canada, Too!!! [Day 2637 - 01.19.18]
2018-01-21,Climbing Mt. Thom!!! [Day 2638 - 01.20.18]
2018-01-22,Eating Rotten Fish!!! [Day 2639 - 01.21.18]
2018-01-27,Mail Call!! [Day 2644 - 01.26.18]
2018-01-28,Super Secret Project Hint!!! [Day 2645 - 01.27.18]
2018-01-30,Be Strong!!! [Day 2647 - 01.29.18]
2018-02-01,Baby Steps!! [Day 2649 - 01.31.18]
2018-02-04,Taking Down The Haunt!!! [Day 2652 - 02.03.18]
2018-02-05,Eating Crickets &amp; Haunt Take-Down!! [Day 2653 - 02.04.18]
2018-02-07,Look Who Stopped By! [Day 2655 - 02.06.18]
2018-02-08,Backyard Haunt Update!! [Day 2656 - 02.07.18]
2018-02-09,An Unexpected Delivery!! [Day 2657 - 02.08.18]
2018-02-10,Heading To Los Angeles?!?! [Day 2658 - 02.09.18]
2018-02-11,Oh Boy!!! [Day 2659 - 02.10.18]
2018-02-12,On This Day In History... [Day 2660 - 02.11.18]
2018-02-13,Learning Patience... [Day 2661 - 02.12.18]
2018-02-14,I Finished A Project!!! [Day 2662 - 02.13.18]
2018-02-15,Breaking Stuff In A Store!! [Day 2663 - 02.14.18]
2018-02-17,Wedding Announcement!! [Day 2665 - 02.16.18]
2018-02-18,The Final Tear-Down!! [Day 2666 - 02.17.18]
2018-02-19,Handling the Haunt &amp; Winners!! [Day 2667 - 02.18.18]
2018-02-20,Black Plastic!!  Ahhhhhh!!  [Day 2668 - 02.19.18]
2018-02-22,Let&#39;s Get Back To Halloween!! [Day 2670 - 02.21.18]
2018-03-01,I Can&#39;t Vlog Anything!! [Day 2677 - 02.28.18]
2018-03-02,Party In The Haunted House!!
2018-03-03,It Worked!! ...almost... [Day 2679 - 03.02.18]
2018-03-04,Convention Project Progress!! [Day 2680 - 03.03.18]
2018-03-05,A Stroll Through The Cemetery [Day 2681 - 03.04.18]
2018-03-06,Huge Change of Plans!!! [Day 2682 - 03.05.18]
2018-03-08,Getting Hitched!! [Day 2684 - 03.07.18]
2018-03-14,Dropping Hints!! [Day 2690 - 03.13.18]
2018-03-19,Finding A Body!! [Day 2695 - 03.18.18]
2018-03-23,Philosophical Troy!! [Day 2699 - 03.22.18]
2018-03-27,The Very Last Toy&#39;s &quot;R&quot; Us Visit - Ever! [Day 2703 - 03.26.18]
2018-03-28,Executive Decision! [Day 2704 - 03.27.18]
2018-03-29,I Got It!!! [Day 2705 - 03.28.18]
2018-03-30,Let&#39;s Go To Canada!!! [Day 2706 - 03.29.18]
2018-03-31,Working Out Details!!! [Day 2707 - 03.30.18]
2018-04-01,T 'n A
2018-04-02,Playlist, Paint &amp; Presents!! [Day 2709 - 04.01.18]
2018-04-03,I Should Save These.. [Day 2710 - 04.02.18]
2018-04-05,Last Day!! [Day 2712 - 04.04.18]
2018-04-10,Painting Secret Stuff!! [Day 2717 - 04.09.18]
2018-04-11,Costume Reveal!! [Day 2718 - 04.10.18]
2018-04-13,Decorating The Hotel Room!! [Day 2720 - 04.12.18]
2018-04-14,West Coast Haunter&#39;s Convention 2018 Day One! [Day 2721 - 04.13.18]
2018-04-15,West Coast Haunter&#39;s Convention Costume Contest 2018!! [Day 2722 - 04.14.18]
2018-04-16,Last Day of the Convention!! [Day 2723 - 04.15.18]
2018-04-17,Time To Go Home... [Day 2724 - 04.16.18]
2018-04-18,Where Do We Go From Here? [Day 2725 - 04.17.18]
2018-04-21,360 - Children of the Corn Hotel Room Makeover!!
2018-04-22,Pumpkin Piggy Bank Idea!! [Day 2729 - 04.21.18]
2018-04-26,Faux Dirt &quot;Flexi-Dirt&quot; Tutorial
2018-04-27,Corn Grow Time Lapse!! [Day 2734 - 04.26.18]
2018-04-28,They Let Us Back In!! [Day 2735 - 04.27.18]
2018-04-29,Ninja Banana!!! [Day 2736 - 04.28.18]
2018-05-06,Seattle Underground!! [Day 2743 - 05.05.18]
2018-05-07,She Said It!! [Day 2744 - 05.06.18]
2018-05-13,I See All!! [Day 2750 - 05.12.18]
2018-05-27,Haunty Flowers! [Day 2764 - 05.26.18]
2018-06-04,Bye Bye, Prop Car... [Day 2772 - 06.03.18]
2018-06-07,Ultimate Fake Cornstalk Tutorial!!
2018-06-07,It&#39;s Done!! [Day 2775 - 06.06.18]
2018-06-09,Date Night In Canada!! [Day 2777 - 06.08.18]
2018-06-10,Canadian Meetup?!?! [Day 2778 - 06.09.18]
2018-06-15,Getting Prepared!! [Day 2783 - 06.14.18]
2018-06-16,Music To My Ears!! [Day 2784 - 06.15.18]
2018-06-17,Happy Father&#39;s Day!! [Day 2785 - 06.16.18]
2018-06-24,Taste of Tacoma! [Day 2792 - 06.23.18]
2018-06-30,Bad Caterpillar!! [Day 2798 - 06.29.18]
2018-07-01,The Final Punishment!!! [Day 2799 - 06.30.18]
2018-07-07,It&#39;s The Weekend! [Day 2805 - 07.06.18]
2018-07-15,Haunter Camp!! [Day 2813 - 07.14.18]
2018-07-21,Autumn In Stores!! [Day 2819 - 07.20.18]
2018-07-22,Construction! [Day 2820 - 07.21.18]
2018-07-23,Almost Done! [Day 2821 - 07.22.18]
2018-07-28,So. Many. Reactions!! [Day 2826 - 07.27.18]
2018-08-05,Surprise! [Day 2834 - 08.04.18]
2018-08-06,Mom &amp; Dad&#39;s [Day 2835 - 08.05.18]
2018-08-11,Stolen Plane From Seatac Horizon Alaska Q400 - F15&#39;s Scramble! 08.10.18
2018-08-11,Caught On Video!! [Day 2840 - 08.10.18]
2018-08-12,News Interview! [Day 2841 - 08.11.18]
2018-08-13,Michael&#39;s Halloween and Cheese!! [Day 2842 - 08.12.18]
2018-08-19,Hiking In Canada!!  [Day 2848 - 08.18.18]
2018-08-20,Canada Meet-Up!! [Day 2849 - 08.19.18]
2018-08-22,Seattle Has The Worst Air Quality In The World!! [Day 2851 - 08.21.18]
2018-08-29,Best Aluminum Foil Car Prank Video EVER!!
2018-09-01,Naked and Not Afraid!! [Day 2861 - 08.31.18]
2018-09-02,Busting Up Concrete!! [Day 2862 - 09.01.18]
2018-09-03,Fair Day!! [Day 2863 - 09.02.18]
2018-09-11,Lowes Halloween Lineup 2018!! [Day 2871 - 09.10.18]
2018-09-17,Halloween Rock Project!! [Day 2877 - 09.16.18]
2018-09-18,Boarding Up The House!! [Day 2878 - 09.17.18]
2018-09-23,Halloween Stuff Time!!! [Day 2883 - 09.22.18]
2018-09-28,Contest: Guess The Pumpkin Weight!! [Day 2888 - 09.27.18]
2018-09-29,Dude... Seriously?!?! [Day 2889 - 09.28.18]
2018-09-30,Ghost Town / Corn Maze / Haunted House!! [Day 2890 - 09.29.18]
2018-10-09,Home Depot Halloween [Day 2899 - 10.08.18]
2018-10-11,Krispy Kreme Halloween Donuts!! [Day 2901 - 10.10.18]
2018-10-13,Haunted Canadian Corn Maze!! [Day 2903 - 10.12.18]
2018-10-20,An Accident Waiting To... It Happened... [Day 2910 - 10.19.18]
2018-10-22,Getting Scared At Halloween City!! [Day 2912 - 10.21.18]
2018-10-25,Home Haunter Documentary Announcement &amp; Trailer!! [Day 2915 - 10.24.18]
2018-10-28,Interview - Poo Poo - Awesome Haunt! [Day 2918 - 10.27.18]
2018-11-01,Happy Halloween 2018!! [Day 2922 - 10.31.18]
2018-11-06,Debit Cards Stolen... AGAIN! [Day 2927 - 11.05.18]
2018-11-16,A Short Meet-Up!! [Day 2937 - 11.15.18]
2018-12-09,Capilano Suspension Bridge Canyon Lights!! [Day 2960 - 12.08.18
2019-01-03,Climbing Inside The Airblown Inflatable!!! [Day 2985 - 01.02.19]
2019-01-06,Scary Night Storm! [Day 2988 - 01.05.19
2019-01-23,New Channel Name?!? [Day 3005 - 01.22.19]
2019-01-30,I Screwed Up! [Day 3012 - 01.29.19]
2019-02-08,Getting Ready For Snowpocalypse 2019!! [Day 3021 - 02.07.19]
2019-02-21,Responding to assumptions ON A CLIFF!
2019-02-23,You Got Slimed!! [Day 3036 - 02.22.19]
2019-02-26,Exciting Changes! [Day 3039 - 02.25.19]
2019-03-02,Executive Decision! [Day 3043 - 03.01.19]
2019-03-04,Walking The Tacoma Narrows Bridge! [Day 3045 - 03.03.19]
2019-03-15,It Didn&#39;t Work... [Day 3056 - 03.14.19]
2019-03-16,There&#39;s A Hole In My House!! [Day 3057 - 03.15.19]
2019-03-31,Hiking The Chief!! [Day 3072 - 03.30.19]
2019-04-14,Remodel Gone Wrong!! [Day 3086 - 04.13.19]
2019-04-22,Loose Ends [Day 3094 - 04.21.19]
2019-04-23,Dementia Sucks... [Day 3095 - 04.22.19]
2019-04-29,Hiking Evans Peak in Canada! (+vlog) [Day 3101 - 04.28.19]
2019-05-01,Should We Try It?!? [Day 3103 - 04.30.19]
2019-05-06,His First Camping Trip! [Day 3108 - 05.05.19]
2019-05-07,Winning Streak!! [Day 3109 - 05.06.19]
2019-05-10,Going For A Ride! (1967 Shelby Cobra) [Day 3112 - 05.09.19]
2019-05-12,Haunters Convention Costume Ball [Day 3114 - 05.11.19]
2019-05-17,Tick Season!  Yuck!! [Day 3119 - 05.16.19]
2019-06-24,Nothing&#39;s Working! [Day 3157 - 06.23.19]
2019-07-02,Happy Canada Day! [Day 3165 - 07.01.19]
2019-07-13,Hardware Stores Are FUN! [Day 3176 - 07.12.19]
2019-07-21,Enough Boofing [Day 3184 - 07.20.19]
2019-07-22,DONE! ...almost [Day 3185 - 07.21.19]
2019-08-20,FrightFest BC 2019 [Day 3214 - 08.19.19]
2019-09-03,Halloween Stores In Canada! [Day 3228 - 09.02.19]
2019-09-04,The Three Amigos Cosplay Costume Build!
2019-09-10,Another Setback... [Day 3235 - 09.09.19]
2019-09-10,Q&amp;A with TnA - [09.08.19]
2019-09-12,Walgreens Halloween! [Day 3237 - 09.11.19]
2019-09-23,Don&#39;t Go! [Day 3248 - 09.22.19]
2019-10-06,Spooner Farms Corn Maze!! [Day 3261 - 10.05.19]
2019-10-13,Major News!! [Day 3268 - 10.12.19]
2019-10-31,A Halloween Haunt!! [Day 3286 - 10.30.19]
2019-11-24,Losing The Ikea V Card! [Day 3310 - 11.23.19]
2020-02-10,First Mow!   So.Many.Worms. [Day 3388 - 02.09.20]
2020-02-11,How To Become A Daily Vlogger [Day 3389 - 02.10.20]
2020-02-12,BIG NEWS [Day 3390 - 02.11.20]
2020-02-13,Reacting To 1980&#39;s Toys [Day 3391 - 02.12.20]
2020-02-14,Preparing Evidence!! [Day 3392 - 02.13.20]
